age,income,education_years,experience,city_size,department,satisfaction_score,high_performer
56,70585.6669482087,9,16,Large,Marketing,3.8382736893950575,0
69,39833.20860509924,17,31,Medium,Engineering,4.538324165446137,0
46,67302.97808011803,19,21,Small,Marketing,3.1323159450705114,0
32,,15,3,Small,Sales,1.8726910386888227,0
60,39587.81069738759,12,4,Medium,HR,2.611284736974254,0
25,51647.90109564873,19,36,Medium,HR,8.177626407668372,1
78,55136.85377011271,18,12,Large,Marketing,7.097912246653983,1
38,78672.94409764142,14,33,Small,Engineering,5.922359883869293,0
56,54793.06368303072,9,21,Medium,Sales,5.275808855800912,0
75,52899.170927740786,15,22,Small,Engineering,9.30190855290512,1
36,73942.1441585245,18,2,Medium,Sales,1.6546145300080157,0
40,59015.80916317305,13,33,Small,Marketing,3.5254073191412436,0
28,40335.87229748078,15,31,Large,Sales,4.149440682136427,0
28,70339.55577962288,8,20,Small,Sales,8.04183230991509,1
41,38905.71845855971,8,20,Small,Marketing,9.932631581457741,0
70,40261.29082499435,19,10,Small,Engineering,3.1660346328143776,0
53,,14,38,Small,Marketing,8.868766007233726,0
57,35956.32457583066,15,3,Small,Sales,8.47560484388612,0
41,54997.59942259736,10,0,Large,Marketing,3.0219165787758997,0
20,46131.46753184686,12,27,Medium,Sales,4.593993221793003,0
39,-2172.5382045483443,19,23,Small,Marketing,4.687055823632672,0
70,45976.05407075731,8,34,Large,HR,9.803986016739024,1
19,42231.316162915486,14,12,Small,HR,2.628027112410085,0
41,63392.38046448283,12,33,Small,Marketing,8.192421739943038,1
61,41551.12082809455,15,10,Medium,Engineering,4.007734427557989,0
47,88088.86686816339,15,35,Small,Sales,7.577833111985443,1
55,70951.90368155364,16,16,Large,HR,4.780099038660966,0
19,44151.34413485333,14,34,Large,Engineering,6.20523786804886,0
77,67244.34618249623,18,17,Medium,Sales,8.493505959935181,1
38,57878.175690364216,8,39,Small,HR,8.237490084854958,1
50,53501.986947203644,10,21,Large,HR,8.797808651857302,1
29,62039.78383411144,15,23,Small,Marketing,1.5365559281019312,0
75,50811.063113907294,10,18,Small,Sales,7.228454977357703,1
39,53605.267341162165,15,36,Small,Engineering,2.2598863904958657,0
78,62350.28774418448,8,38,Medium,Engineering,4.742367112165699,0
61,80786.79112618235,12,20,Small,Engineering,5.937295735492196,0
42,53767.92458329511,11,7,Large,Sales,4.624655362721477,0
66,43193.05002541766,12,27,Small,Engineering,5.6765050822270675,0
44,19561.537173590164,15,4,Large,Engineering,9.968736779187573,0
76,79419.55207945457,17,16,Small,Engineering,2.2169558234156925,0
59,46051.3743114206,11,36,Large,Marketing,7.07910440802783,1
45,58022.139351219004,18,35,Large,Marketing,4.564008697470537,0
77,78588.60855390491,11,18,Small,Sales,2.197088190165959,0
33,53414.034813957376,10,26,Small,Sales,2.428630870368786,0
32,,14,33,Large,Engineering,9.543457956210553,1
79,71295.09466315617,10,10,Medium,Marketing,8.916413470405859,1
79,56911.056013458794,19,11,Small,HR,9.163377643735197,1
64,58791.58407085101,10,20,Medium,HR,9.923794982446479,1
79,27152.58694292359,18,10,Small,Engineering,2.8748385100766614,0
68,68088.72810863878,17,38,Small,Engineering,4.198954036276556,0
61,55633.82101987468,12,27,Small,Marketing,7.022971269323801,1
72,29426.159304153138,12,4,Small,Marketing,,0
69,57276.411674199124,13,16,Medium,Marketing,4.765505800405002,0
74,19062.11489132376,15,19,Small,Sales,4.220301244020337,0
20,85129.62803769493,17,11,Large,Sales,6.34402568749107,0
54,33472.17800027359,13,5,Large,Engineering,,0
68,74176.89148577653,19,16,Medium,Sales,2.453120506578161,0
24,37805.6667782202,8,18,Small,Marketing,5.2456585376659515,0
38,58403.385664560796,15,25,Large,Marketing,5.981245985888649,0
26,36318.076150857516,15,31,Medium,Sales,6.1325824485825144,0
56,64956.7283284673,16,5,Small,HR,2.890964736211166,0
35,46470.21887139122,16,35,Large,Engineering,7.6804425302705805,1
21,57016.69319311564,9,37,Large,HR,1.2267918533896267,0
42,50225.96572368492,9,10,Medium,Engineering,4.193486699888464,0
77,29515.028202745165,10,32,Small,HR,8.021913836820701,0
31,57561.60289535802,8,23,Small,Sales,6.075036289498621,0
67,42451.43771501378,11,22,Large,Engineering,3.350461892597742,0
75,65679.69189511416,11,14,Large,Engineering,7.254578074087429,1
26,46462.102877739846,16,26,Large,Engineering,6.106518497404661,0
43,48848.54136457502,16,10,Small,Marketing,8.166192485107484,1
70,75243.89696559405,16,16,Medium,Marketing,7.61522667570841,1
19,85724.55191761926,17,13,Medium,HR,6.490971298326112,0
37,61790.50933568124,14,26,Small,Sales,5.393599077797326,0
45,,9,17,Medium,Marketing,2.1986391310077105,0
64,44380.08007465784,17,27,Large,Engineering,3.351997160968454,0
77,37719.8452202213,12,3,Medium,Marketing,4.771895256253767,0
24,40621.42724669665,11,6,Medium,Sales,6.393693583057498,0
61,,19,34,Medium,Marketing,5.6233706969377435,0
78,79463.7945049235,18,8,Large,Engineering,3.5936607336357653,0
25,47041.674937197145,15,7,Small,HR,1.058179220107395,0
64,31609.204937028462,9,16,Large,Engineering,5.466152997107326,0
52,50624.97900688074,13,16,Small,Sales,3.570633897060188,0
31,52671.926386415966,12,32,Small,HR,7.611474706394816,1
34,50534.53189775684,19,31,Small,Marketing,1.2155163874343513,0
53,61995.36833877811,9,7,Medium,Marketing,6.263450301752118,0
67,51035.0826703855,18,18,Medium,Marketing,9.473268137554589,1
57,61530.912382209935,17,37,Small,HR,2.5696834040034955,0
21,38294.84968913427,8,2,Small,Engineering,5.244845416755358,0
19,76710.94157217834,15,4,Medium,HR,1.8227979263542435,0
79,53787.19682515378,9,12,Large,HR,6.631137210352174,0
23,56003.284556105566,14,30,Small,Sales,5.954785125366031,0
71,38232.321592800465,16,15,Large,HR,4.666289717915491,0
59,,16,31,Medium,Marketing,5.692393193263671,0
21,59765.97585005456,15,21,Small,Engineering,9.069171926221092,1
71,32453.47349262365,18,28,Large,Engineering,2.766648720799603,0
46,25113.62617418515,19,21,Large,Engineering,1.203080605348125,0
35,54404.990354141984,17,2,Large,Marketing,8.75498396229191,0
43,42668.45264816701,16,9,Medium,Marketing,6.1940537414911585,0
61,53898.82203703594,9,20,Medium,Marketing,9.015926099156582,1
51,30634.458936528274,13,15,Large,Marketing,6.372507010718553,0
27,26592.41128425994,11,11,Large,Marketing,8.291449809637323,0
79,53100.34194501615,11,1,Medium,HR,4.8670602701963315,0
53,44753.243585647215,12,23,Large,Marketing,7.748739381594419,0
31,18339.507182747322,19,34,Large,Marketing,9.217373202008703,0
48,70146.48227161594,10,29,Medium,Marketing,6.1491066734998565,0
65,30385.14397724364,8,29,Large,Marketing,2.627066355061416,0
32,88599.87428165648,15,34,Large,Engineering,3.4191785352717834,0
25,,12,18,Large,Marketing,2.787801192076652,0
31,56023.40852188998,10,7,Medium,HR,3.2217132483615964,0
40,74704.23515580778,17,25,Large,HR,3.7577390441593272,0
77,72191.50891743238,14,39,Medium,HR,5.996204080778696,0
74,79792.04609340325,14,6,Medium,Sales,6.291924665174495,0
79,27153.856416794704,8,29,Small,Engineering,4.83849772517675,0
57,32962.01753739129,19,6,Small,Marketing,6.538787018387519,0
38,53389.95911141045,16,2,Large,Sales,1.7341743305022934,0
33,62596.21156846571,9,0,Medium,Marketing,1.7900941335234397,0
62,49831.58834930543,12,35,Small,Sales,2.546465143218926,0
35,25430.089464299166,12,24,Large,Sales,5.662697482363103,0
64,,15,36,Small,HR,2.925952108284822,0
70,47086.22917648948,15,0,Small,HR,3.549559631433196,0
41,46906.415615662,14,14,Medium,Sales,4.602815525556947,0
43,,14,36,Medium,HR,8.306795116093419,0
42,61962.263067174725,19,12,Small,Sales,1.124759223215741,0
77,52178.060904281876,18,39,Small,Engineering,6.8444093821296015,0
77,76927.46834958445,13,7,Medium,HR,7.019888779366168,1
77,48882.38530203241,13,4,Large,HR,8.187902023209729,0
62,58495.10195778534,18,8,Medium,HR,9.39477645154282,1
58,62477.272641578944,16,0,Small,Engineering,1.1812406405436084,0
46,23807.57662008213,13,35,Large,Sales,2.3840533496189455,0
32,89250.49919902389,19,34,Small,Marketing,8.975541646503938,1
62,43538.11418116075,9,1,Large,HR,5.126667059683138,0
18,57418.49903213727,9,39,Small,Sales,6.0813157504011714,0
42,59608.73010423727,12,22,Large,Engineering,6.967244833508326,0
24,37778.23808014554,11,8,Large,Marketing,7.111599440460736,0
26,77704.70497171405,18,33,Small,HR,9.385663629848574,1
41,53989.32904031649,9,13,Large,Engineering,9.972544756705027,1
18,46797.91044638999,10,3,Medium,Engineering,7.481417148378462,0
61,,14,29,Small,Marketing,3.5849908828463573,0
25,61463.78297913535,15,30,Medium,Sales,8.917771620649093,1
41,50161.9724721455,19,37,Small,HR,1.4429882308668545,0
28,63228.948655748594,13,10,Large,HR,3.079727675870466,0
68,24726.91791548391,18,34,Large,Sales,9.076471457173433,0
34,38780.45015260265,12,7,Large,Sales,3.3057236299541946,0
25,17917.99527786028,8,2,Small,Sales,2.9858595365957363,0
52,79955.12235264419,15,13,Medium,Marketing,2.243127638262225,0
52,79759.88191527402,10,12,Medium,Marketing,8.732005818822248,1
50,59399.24101299477,13,31,Small,HR,5.50052433271978,0
76,34810.72893630453,10,33,Small,Marketing,7.074038827487393,0
22,85848.17408327486,14,18,Medium,Engineering,3.151597456675267,0
59,40933.78282802432,14,37,Medium,HR,7.822363789100948,0
56,46801.89309642254,19,15,Medium,Marketing,7.840049904658886,1
75,52393.00108596084,16,1,Medium,Sales,,0
58,56772.73913028454,12,39,Small,Engineering,4.696143697092546,0
45,59657.03902556477,15,16,Small,Sales,2.8872124968718076,0
24,60259.424562116765,17,33,Large,HR,9.789049209906139,1
26,47832.13871969143,17,15,Medium,Sales,6.810423193525705,0
25,60021.51427635069,15,37,Large,Marketing,9.41089492643964,1
29,47161.88510756484,8,1,Small,Marketing,3.7304698926621986,0
51,58689.55155308331,19,1,Small,HR,8.037018216972008,0
50,57459.37666746163,12,25,Large,Sales,7.892727794962678,1
65,61442.709361971814,10,12,Medium,HR,7.224900866798874,1
72,59569.50048531448,8,30,Medium,Sales,9.690750777401204,1
40,43363.51437633054,11,33,Medium,Engineering,4.54199802495684,0
79,56880.65257338519,15,38,Medium,Marketing,2.1764559123078158,0
41,59800.996068723296,10,2,Large,HR,7.045379733196547,0
54,30633.134165769414,17,7,Large,Engineering,7.563788204294855,0
52,45889.33464153456,9,22,Small,Engineering,6.175545161129332,0
61,59121.708368275,18,13,Medium,HR,,0
57,75639.38742094433,16,26,Medium,HR,5.540103475024198,0
39,62373.50279193101,17,28,Medium,Engineering,3.8097076291221645,0
44,76585.66980466394,12,38,Large,Sales,4.8471987535002015,0
52,44024.39914734577,14,38,Medium,Engineering,6.8069671826019755,0
18,53752.85738371465,18,0,Large,HR,7.706932684217511,0
52,62086.02949289177,18,16,Medium,Engineering,3.090022218112088,0
54,15104.724297503348,9,29,Medium,Sales,4.64792824582258,0
64,72662.0482717179,16,12,Small,Marketing,3.4224541389246625,0
31,22086.3517871803,16,20,Medium,Marketing,2.787684524756822,0
20,64954.101024176045,11,18,Medium,Engineering,8.050484979962546,1
18,,11,18,Small,Sales,9.183274249932932,1
22,14906.104962276704,13,24,Large,Marketing,4.3320896711611905,0
43,15664.08114600504,17,21,Large,Engineering,7.761510319363902,0
72,71487.22876178758,17,30,Medium,Engineering,9.0729576042797,1
31,68220.83089529822,17,16,Large,Sales,8.615117894772084,1
56,36787.04533267609,13,22,Medium,HR,2.6453204968530333,0
44,36771.816574339035,19,31,Small,Engineering,9.606626933620252,0
26,57689.07458564331,8,9,Small,HR,4.390087963865162,0
32,49808.83774267448,16,9,Medium,HR,4.0531659505645266,0
32,65815.92823773672,9,35,Small,Marketing,1.561881945500023,0
43,57193.7138664963,12,7,Small,HR,5.375562886943947,0
59,73745.46190934803,16,19,Medium,Sales,1.9811225407683584,0
77,64551.166668705904,11,31,Medium,Marketing,3.236858388346834,0
30,60811.59573710866,18,13,Small,Marketing,3.8524835959055324,0
68,44718.12919544489,10,27,Large,Marketing,8.279436911425156,0
49,43620.18148757233,14,23,Large,Engineering,8.879397853563068,0
56,49223.61522942049,13,14,Medium,Engineering,3.722196857153227,0
66,,15,21,Medium,HR,8.728283091201165,1
69,43905.87905915324,10,29,Large,Marketing,8.71507843632812,0
78,53907.93480611024,12,3,Small,Marketing,7.881858553463862,0
49,16327.956384390362,17,12,Large,Sales,2.320256026136634,0
21,60137.13095066121,11,22,Large,HR,7.212905622106561,1
47,83857.9742163971,11,7,Large,Sales,9.505216581225119,1
54,35995.428361056125,11,17,Large,HR,7.1428643089044135,0
40,97616.63205690138,17,11,Medium,HR,3.984551641970506,0
56,52733.6090698498,15,30,Medium,Engineering,5.505213856877481,0
62,11406.031379234837,13,13,Small,Engineering,6.811525390159483,0
32,44216.92640048133,10,33,Small,Sales,5.595133678556532,0
60,69956.57844903624,17,17,Small,HR,2.0795764755787283,0
46,79989.75809374706,12,33,Small,Marketing,3.808576401868186,0
53,60771.47822377525,13,10,Large,Engineering,8.221564274982693,1
30,73513.91631318451,12,11,Medium,Marketing,8.752762414859657,1
49,32333.216877614697,13,14,Medium,Sales,2.2357002944401323,0
24,39796.07619209138,15,30,Small,Engineering,9.571480771588522,0
76,24808.110769973144,14,28,Small,Engineering,3.959403560637484,0
68,,12,25,Large,HR,6.96082364857648,0
39,61428.784796534994,17,17,Large,Sales,7.766426313610131,1
45,53189.83643574529,13,31,Small,HR,8.30751611174095,1
19,63017.735549947734,11,21,Medium,Engineering,9.511747320033372,1
59,35952.28973754895,19,37,Medium,Sales,3.8162759322594035,0
62,36867.124597822,16,16,Medium,Engineering,8.72655809096399,0
79,53069.15314287369,11,22,Small,Sales,2.185182130925863,0
74,40960.28292042027,8,23,Medium,Engineering,7.345368157182334,0
70,69527.73752240142,14,7,Large,Marketing,7.677799565625873,1
23,40588.716734337846,14,5,Large,Marketing,7.099509170811884,0
45,42569.1613560313,11,4,Small,HR,3.270832625216377,0
45,56282.591208027305,10,28,Large,Marketing,8.85738832313683,1
61,44160.677124087604,15,27,Small,Engineering,2.519726170333555,0
61,31475.8340969388,12,10,Medium,Engineering,1.4827131236874775,0
37,33509.66262751867,17,0,Medium,Marketing,7.457184915507209,0
47,58066.489376104335,14,18,Medium,HR,5.279281437094603,0
79,29619.327281569094,11,8,Large,Marketing,8.641882179628084,0
28,,11,26,Small,Sales,4.45057426952433,0
75,39644.01073547375,15,33,Medium,Sales,2.5145072965694153,0
72,59243.23725452091,15,3,Small,Sales,8.527979732228827,0
45,40543.810639555486,9,35,Medium,Marketing,5.940186684760645,0
42,36271.37930005453,9,17,Large,Marketing,2.702762131513194,0
56,53691.55523435273,10,14,Large,Marketing,7.4834559872780115,1
79,65776.75200523851,19,12,Small,Sales,5.600022746405505,0
50,46289.48373709843,19,18,Large,HR,6.438816840162878,0
18,49017.839693638096,10,5,Large,Engineering,5.148085043859237,0
74,62111.26041624202,8,11,Small,Marketing,8.458380854362058,1
44,62607.90875377334,10,36,Medium,HR,8.466064441147449,1
79,49422.62419970388,13,16,Large,Engineering,7.384499396419476,1
74,43347.801612720665,15,22,Small,Engineering,1.9486123965681603,0
69,51239.83939167547,19,25,Large,Engineering,8.54968475713662,1
30,47136.327629174855,17,28,Large,HR,7.039116824796189,1
58,54694.612277252774,13,32,Large,HR,7.273217494038695,1
20,32085.94359731371,12,26,Large,Sales,4.266845563634845,0
56,54157.7236903812,11,24,Small,HR,8.91351600541306,1
23,39225.44875743877,10,9,Small,HR,7.528344402113717,0
25,63588.314172357546,11,22,Small,HR,2.01331419876275,0
44,39912.982259442266,14,20,Large,Engineering,4.670002309655464,0
26,,8,20,Large,Marketing,8.977423257641275,0
79,56680.982366176104,14,12,Large,Sales,1.4247703152764108,0
54,50213.178332242955,8,36,Small,Marketing,9.652749576778445,1
50,84149.77439598256,9,32,Large,Marketing,7.112463114876065,1
68,25560.460841686214,11,23,Medium,HR,6.682383798790389,0
59,51647.794204321166,8,10,Large,Sales,3.4350333083919224,0
61,66944.74227458556,18,16,Medium,Marketing,3.2391260986525934,0
41,41325.29115609049,19,3,Large,Marketing,,0
32,36341.6323289018,18,24,Small,Sales,3.6844520881071046,0
76,36937.030285305074,18,29,Large,HR,7.9795476704709944,0
71,25820.582305248732,16,8,Medium,Marketing,4.538096183863712,0
49,70245.56940966043,19,20,Medium,Engineering,2.253286637062336,0
49,45055.739872903876,13,19,Large,Marketing,1.0964376792582304,0
41,43279.59290299654,8,18,Medium,Engineering,5.898316033137258,0
58,18138.528885047395,8,18,Medium,HR,9.782009366940393,0
69,28494.371413071727,13,11,Small,Marketing,4.32222574428284,0
66,71980.84633278642,11,36,Large,Sales,4.214731005937404,0
79,,11,16,Large,Sales,4.096824560644979,0
66,67497.51244887659,18,36,Large,Marketing,5.684894535743726,0
75,65599.88659744745,13,38,Medium,HR,4.965983950818642,0
69,34990.695791405895,19,27,Large,HR,8.91923164054313,0
29,86447.71592980954,18,34,Large,Sales,5.549687125511412,0
79,79245.98893401845,14,17,Small,Marketing,5.569820543697119,0
56,41543.503368154474,16,13,Small,HR,2.2453443524850094,0
19,-3523.079490398231,17,34,Small,Sales,9.844655868193474,0
20,44652.01865083885,12,6,Medium,Engineering,,0
66,53574.44393182173,16,12,Large,Marketing,1.6602766071364239,0
54,41484.214478364636,11,17,Small,Engineering,6.968316240776879,0
66,46677.16854972924,17,36,Small,Engineering,6.358297331411854,0
73,37570.129454933085,9,12,Small,HR,4.736310885934712,0
34,63824.52077530771,10,35,Large,HR,4.799730104926103,0
76,50954.49860552833,18,30,Large,HR,8.06557528941788,1
66,64272.71094414431,8,1,Large,Marketing,2.7614137608968417,0
19,68333.05019311905,13,15,Medium,Engineering,8.382279870504007,1
19,17385.14653870029,13,8,Medium,Marketing,6.838724025055163,0
45,38442.166837488454,8,8,Small,HR,4.77072796401572,0
71,40639.56059539185,18,37,Large,Engineering,5.122257549254818,0
40,88570.58539533174,10,10,Small,Marketing,3.3098248646748623,0
54,52235.08050350486,12,21,Large,Marketing,7.769028994272773,1
49,62188.40894544596,10,32,Large,Sales,5.61587268074741,0
50,21789.62346088233,17,35,Large,Marketing,3.8876908847485923,0
18,52148.23178746282,10,22,Medium,HR,6.364451041848552,0
36,64674.394731743865,17,33,Medium,Marketing,9.961610068461907,1
79,62929.47627590234,10,8,Large,Engineering,4.9173605169089845,0
19,59350.99158374527,12,23,Small,Marketing,9.286222607007575,1
70,50195.007597426884,12,7,Large,Sales,4.105151559321095,0
61,50923.52930938177,11,6,Large,Engineering,1.492594362324873,0
43,24601.00737935316,8,35,Small,Engineering,2.83817895731586,0
49,36492.00672219285,12,17,Large,Sales,4.768256289949158,0
23,53464.15934582245,17,2,Small,HR,2.976714357351121,0
49,39260.36289610692,12,27,Medium,Engineering,1.0020433439642997,0
72,60332.57370549177,11,5,Medium,HR,9.235013839727745,0
21,57001.73825397294,13,20,Small,Engineering,8.59491470107836,1
72,70510.55382082991,17,27,Medium,Engineering,7.680630083382524,1
28,64373.80739228857,11,39,Medium,HR,2.5103313608142575,0
73,53408.92113701852,14,0,Small,Engineering,2.0832721858898746,0
76,61219.706510928736,14,35,Medium,HR,1.6084427452514483,0
34,65076.53243449484,9,20,Large,Sales,7.516262698956291,1
55,42388.440711380266,10,34,Large,HR,,0
41,45060.03502520297,8,12,Small,Sales,4.874822388217333,0
22,48547.60943909884,15,9,Medium,Engineering,2.0722660479644333,0
69,42867.04183753476,16,9,Large,HR,5.611535386588959,0
51,,11,12,Large,Engineering,4.139487167127671,0
23,40590.34187484044,13,36,Medium,HR,4.373424319149979,0
39,68774.77207099737,16,37,Medium,Sales,6.591975617401365,0
28,44495.40201679426,13,23,Large,Sales,7.468463019359821,0
65,,19,1,Large,HR,1.9954323898584476,0
33,52496.22723144333,19,21,Small,Sales,1.3203120772582875,0
50,35360.30287562499,19,16,Small,Engineering,9.948972724171433,0
26,49701.654057638145,16,35,Large,Engineering,3.0945551402399665,0
77,55004.65297175896,11,13,Small,Marketing,1.4844747241761316,0
76,49035.60969334253,15,9,Large,Sales,2.70887796186328,0
23,29859.40162240574,16,34,Large,Engineering,,0
33,75521.43865289257,11,24,Small,HR,,0
46,,12,2,Small,Sales,8.221616060061919,0
20,,15,37,Medium,Engineering,4.071200047819485,0
37,74311.52035200912,19,16,Medium,Sales,4.997650661905299,0
77,59260.84714580488,17,11,Medium,HR,7.080280962106949,1
76,31997.45005397586,13,23,Large,Engineering,5.580046630628922,0
53,34332.57880400182,19,28,Small,Marketing,8.753011174191919,0
36,,14,24,Large,Marketing,8.794321075411808,1
43,54459.60468274734,10,35,Small,Sales,1.0891962594203828,0
20,59341.99747195883,14,25,Large,HR,8.002416758348792,1
36,64252.67719292852,19,37,Medium,Engineering,5.1466024021750645,0
37,58093.586096002145,15,0,Medium,HR,9.899564871732968,0
49,70201.18967961494,17,19,Medium,Engineering,5.349088682878916,0
24,51901.897395207045,13,27,Large,Sales,9.882063508494678,1
69,38605.40929282667,17,15,Small,Engineering,7.791124250851629,0
58,49949.7369551154,16,16,Small,HR,3.237443961519757,0
50,48965.29009481312,13,39,Medium,HR,5.845554813582619,0
57,11326.768555062621,19,27,Medium,Sales,9.929220755307245,0
56,41579.49711356512,16,11,Medium,HR,8.717775469767313,0
35,54713.05599425676,11,26,Medium,Engineering,1.8763020441209899,0
57,43636.76652182321,15,29,Small,Sales,7.357347971289965,0
18,40306.85957265501,18,33,Large,Engineering,4.1102162728373175,0
28,63670.64293706846,11,36,Large,HR,1.062840356923133,0
45,36251.81262836841,9,5,Large,Sales,4.631328721242996,0
74,60674.33975706234,17,6,Large,Engineering,3.1127897955247414,0
42,30008.83293817573,18,31,Medium,HR,8.369823434684244,0
67,91411.42903589277,16,31,Medium,HR,4.035975479611889,0
40,46764.71709648114,12,24,Medium,Marketing,8.447713245584353,1
48,45151.02066055916,11,32,Large,HR,1.0053814495131577,0
47,67145.98854334878,9,6,Medium,Engineering,3.770372350235072,0
59,43719.42738790326,8,11,Medium,Sales,3.1704869287698574,0
52,71823.917124885,18,15,Small,Marketing,3.1021062496174987,0
24,,14,15,Small,HR,1.6136795778891644,0
77,48224.03149180656,13,35,Medium,HR,2.6841184336945156,0
33,46624.91144944437,9,12,Small,HR,5.999946128970579,0
43,68113.88255645393,15,6,Small,Engineering,3.6222496555397004,0
65,53457.308219052546,18,35,Medium,Marketing,4.756553040962332,0
74,56484.63096786155,11,8,Medium,Engineering,4.391801923124697,0
69,58115.02808905444,15,31,Medium,Marketing,8.883144324999051,1
77,51994.042778340365,14,10,Medium,Sales,9.14769099109464,1
66,57798.08339524975,12,7,Large,Engineering,5.436612744902741,0
19,48225.14865978514,17,32,Large,Engineering,3.9714035528404397,0
18,49252.87052260136,17,22,Medium,Sales,1.9612063360212728,0
65,33213.27607959937,19,24,Small,Marketing,9.580625914438855,0
79,54466.40376377596,15,7,Medium,HR,1.542042504102677,0
29,24206.884899316694,16,21,Medium,Sales,3.678852498114524,0
22,54253.3710591637,12,3,Small,HR,3.6825958105300374,0
54,45790.75975752778,17,39,Large,HR,3.8836115752619342,0
49,55618.77664176467,12,2,Medium,Sales,2.4785815894516836,0
76,34267.57498877486,9,28,Medium,Marketing,8.048452878313274,0
72,18209.639479420366,12,28,Large,HR,2.102480757693903,0
26,,10,33,Large,Sales,6.7141599323784655,0
58,34311.30996714353,14,33,Small,Engineering,2.114614240352357,0
52,23291.649751842764,17,27,Large,Engineering,1.6348207383366091,0
36,61519.749045418546,12,12,Large,Engineering,9.18486553317289,1
65,74018.5734071306,15,14,Large,Sales,2.7111588968683513,0
33,38045.72846338175,8,22,Small,Engineering,8.391251391037338,0
20,48863.437591678194,10,25,Large,HR,5.901677839964222,0
37,45383.21574980282,10,3,Large,Engineering,1.7007086764789263,0
41,40116.52367035695,16,25,Small,Engineering,9.599033722942607,0
71,59956.05820832032,12,39,Large,HR,3.2226505029270327,0
73,65152.121906429275,19,8,Large,Engineering,8.73680810817346,1
50,36970.89216101594,16,4,Small,HR,2.5192900520610775,0
41,50671.503006423554,16,31,Medium,Engineering,8.685485939276676,1
69,69267.99550900841,8,19,Small,HR,1.1190593161476459,0
28,60335.54304822458,9,10,Large,Engineering,5.606024109125326,0
66,62565.46157600733,12,14,Large,HR,7.924983214794011,1
25,70519.77961163622,11,31,Large,Sales,9.41315965743505,1
53,70322.67758559875,17,27,Small,HR,9.182819225858383,1
55,65429.639454545984,16,21,Large,Engineering,8.376623825928805,1
57,52174.06122171771,14,16,Large,Engineering,8.993722146951736,1
37,44262.75473812862,13,25,Small,Marketing,2.7929771725336883,0
79,51552.16647969778,14,6,Medium,HR,3.5576586614055588,0
52,41983.89970964947,8,25,Medium,Sales,3.6007167242895264,0
65,20712.696904839766,8,24,Large,HR,4.3934853790152895,0
79,45807.514012999396,15,9,Small,HR,4.539886033466698,0
42,55362.89365755831,9,18,Large,Sales,5.900997921892079,0
52,41190.958733507316,19,10,Small,HR,2.4389178702979724,0
42,47108.303191420884,17,12,Small,Sales,7.221219974073904,1
46,47689.449260499016,18,7,Medium,Sales,2.5080988537405586,0
35,70352.85161328333,16,39,Medium,HR,3.7927763389409277,0
63,44608.440889626465,14,3,Small,HR,5.530106175455386,0
35,70349.50073275181,13,30,Large,Engineering,8.167965053711296,1
19,9312.642622280393,8,27,Medium,Engineering,7.655223099148546,0
71,70217.83671993554,8,10,Large,Marketing,6.8098092076947,0
52,69461.09172293937,9,0,Medium,Marketing,2.4019593452215315,0
33,63533.820100837875,13,37,Medium,HR,5.9234081105401994,0
78,19821.229951943427,13,23,Large,Sales,1.7870185161989691,0
58,65283.30492833722,9,30,Medium,Marketing,4.396268591169857,0
53,49248.212364871244,8,25,Medium,HR,4.721648772609632,0
50,12059.938401130097,17,4,Large,Marketing,1.3583029550117844,0
21,,12,19,Medium,Sales,3.4658928952297465,0
50,71662.59617823453,12,10,Medium,HR,9.600845205398404,1
31,,9,32,Medium,Sales,9.582693470467206,0
38,52631.3161295017,13,37,Large,HR,4.1709434882728535,0
65,70828.86682166274,16,26,Small,Marketing,1.3879009805349165,0
37,68452.4197018572,9,33,Large,Engineering,2.611854453953634,0
73,62540.91576739286,17,14,Small,Marketing,4.529960140901861,0
25,10291.206801537372,9,31,Medium,Marketing,9.530017281723069,0
24,60943.14149953721,10,20,Small,Engineering,2.270791571834664,0
20,46728.44152439086,14,4,Large,Engineering,7.8716425930139104,0
34,64937.86293077741,13,5,Large,HR,1.9781428543722286,0
50,53842.42187650737,19,37,Medium,HR,9.831318196521492,1
65,49701.77584566703,15,21,Small,Sales,4.4345484919822145,0
29,59613.557741138546,15,17,Medium,Sales,7.9771108500915044,1
76,47421.29943392363,13,13,Medium,Marketing,4.083319745300186,0
68,49635.84080162087,19,9,Large,Engineering,6.649019894429278,0
39,41671.64001306858,18,12,Small,Sales,2.728144762660331,0
72,25918.865132231564,17,30,Small,Marketing,2.3141891736726627,0
39,58517.80210656907,10,29,Small,Engineering,9.442577256113182,1
63,37909.54520494145,10,2,Small,HR,9.258825501139901,0
47,46988.122009388986,8,29,Medium,Marketing,8.98722046191594,1
55,54304.609376809,14,5,Medium,HR,6.628901051499341,0
55,18721.735346518417,12,28,Large,Sales,8.274413900946504,0
62,22079.76644484765,11,7,Medium,Sales,1.621332432202374,0
68,45503.92135086196,17,32,Medium,Engineering,4.013101377016112,0
71,56818.452234494835,11,16,Large,Marketing,3.823328122814406,0
25,61160.57405973742,11,10,Large,HR,6.720807897573519,0
44,26130.282561861393,13,12,Large,Engineering,4.2036199612357645,0
44,59549.47226619223,15,10,Medium,Sales,2.336561034793127,0
51,46323.95572525496,15,30,Medium,Sales,6.368203678721893,0
38,36752.641323552845,12,27,Large,Marketing,8.329455286021734,0
47,40271.72215910944,13,5,Large,HR,4.439111450139759,0
50,62027.8599806025,11,15,Large,Marketing,2.1904184358863352,0
45,54110.08677628357,19,3,Medium,HR,2.7701937758154074,0
64,50754.59784132981,18,34,Medium,HR,3.137349746524456,0
50,53652.4360821185,16,25,Small,Marketing,3.699078336950826,0
22,63921.4666492429,15,11,Medium,Engineering,6.785155634556782,0
77,48543.50648895015,17,10,Medium,Marketing,6.408509360839471,0
78,50814.78329681355,19,36,Medium,Marketing,7.264718754103352,1
65,67072.56110206708,17,24,Large,Sales,4.2625178607836185,0
36,45026.20063605262,8,17,Medium,Sales,8.415978866919804,1
21,59272.10892921022,9,18,Large,Marketing,2.8367889504018424,0
52,42444.43278990288,16,22,Small,Marketing,5.221366727663385,0
66,43761.98987882323,15,37,Small,Sales,8.208448493872872,0
34,48439.25364800545,10,17,Large,HR,2.621427829593573,0
61,57729.09279480149,15,25,Large,Marketing,1.9887680236670464,0
45,67912.72943826603,19,5,Large,Engineering,8.953155709191908,0
47,,8,3,Medium,Engineering,4.086366964832763,0
46,27502.446330146835,17,28,Small,Engineering,7.154831124181288,0
63,59471.69440300907,11,33,Large,Marketing,1.2281374383754464,0
70,86807.63261218564,10,16,Medium,HR,7.210421995685047,1
23,51630.032466010256,13,15,Small,HR,3.844911803922735,0
52,24368.48541230631,14,1,Medium,Sales,1.5016676822869757,0
77,52544.79334206277,11,33,Small,Marketing,6.488314853933053,0
58,49954.81095224241,14,7,Medium,HR,3.167234344658559,0
54,48693.367349564156,16,12,Small,Marketing,4.48126517846692,0
41,64181.14849965699,18,7,Small,Sales,1.7252273105786222,0
46,70674.12179503586,9,29,Medium,Sales,,0
66,60253.78617801624,18,31,Large,Sales,3.6817951194625937,0
63,48004.128729933975,10,35,Small,Engineering,1.8078355050414143,0
70,66885.18176554445,12,29,Large,Marketing,9.197436382176837,1
48,27592.55538178639,10,0,Medium,Sales,1.0544233886558056,0
52,39259.158188990084,18,38,Large,Marketing,5.354741969778803,0
77,,15,16,Large,Engineering,,0
50,49535.74028102098,19,19,Large,Engineering,3.7691118053015367,0
69,57601.01993730257,17,23,Large,Sales,9.334536038364389,1
78,46989.305774940745,15,21,Large,Sales,2.4552509794658817,0
38,36409.46308246588,15,28,Small,HR,,0
49,64622.754270441954,19,21,Small,Marketing,2.8521493929047956,0
40,46468.14916692959,19,8,Small,Sales,7.6740949762014665,1
50,,16,36,Medium,HR,,0
20,58266.01618213862,11,9,Large,Marketing,8.960308548370833,1
35,50583.1641188442,12,35,Small,Sales,5.985939299528178,0
42,50649.07542116435,12,36,Medium,HR,5.811032972406778,0
59,65457.10130653744,15,27,Small,HR,2.759122003315599,0
48,52270.54211855565,14,27,Small,Marketing,2.4960642584649286,0
71,62941.954786857335,16,20,Large,HR,9.248402360039627,1
75,58170.01166477585,15,23,Medium,Marketing,3.9505437896503066,0
20,80253.31316280374,9,39,Large,Marketing,4.348740294666063,0
57,56141.20126803695,17,1,Large,Marketing,7.838412925855495,0
63,59569.59905226159,19,7,Small,Engineering,4.049411341805266,0
41,66524.85070994552,11,26,Large,HR,9.568562019751024,1
67,,13,21,Medium,Marketing,7.641349920989203,1
49,40432.20354905839,19,36,Large,Sales,6.37686318316078,0
64,42887.816283148146,9,26,Large,Engineering,8.928056444902772,0
39,43032.396117462675,14,28,Large,Engineering,1.4464531751453449,0
40,35745.03547704922,10,2,Small,HR,3.3135642297028784,0
19,,10,12,Medium,Marketing,5.18532700798819,0
44,40557.25177926374,18,9,Small,HR,3.0428068552436893,0
59,52922.79231802771,9,35,Small,Engineering,7.695146685719368,1
19,47619.88334434046,18,8,Small,Marketing,9.272872279483526,1
43,49375.677600612275,15,26,Small,Sales,4.81393107937831,0
34,58340.84971743284,13,33,Small,Marketing,4.079193401007054,0
57,,8,0,Medium,Engineering,9.653956589238096,0
50,59583.3656890516,19,31,Large,Sales,5.003671895447868,0
26,73509.61799958428,8,24,Small,Marketing,5.401435604043549,0
60,55146.63624427638,14,28,Small,Sales,4.164848851077148,0
71,38268.56472091297,15,6,Medium,Sales,9.185936257109246,0
65,40774.72982990305,12,2,Medium,Engineering,6.120599349536657,0
56,,19,19,Large,Sales,7.859571284634802,1
46,41076.64554395651,18,19,Medium,HR,,0
59,35132.29535584925,12,29,Large,Engineering,4.076641377255323,0
72,52316.10915442538,11,34,Small,HR,4.90324898188342,0
43,,13,34,Small,Sales,8.636245969656382,1
52,52845.81325337087,13,38,Large,HR,4.269298165082292,0
67,67795.81118322932,10,26,Medium,Marketing,8.145416201066661,1
42,46454.70749113461,16,25,Large,Sales,9.468930903169934,1
41,32218.699929795333,19,13,Medium,Marketing,6.608893357612063,0
30,44016.61261619673,18,16,Small,HR,7.674645587067,0
77,61556.37825674964,14,17,Medium,Marketing,8.245875808370213,1
75,60151.55406075432,8,28,Large,Sales,8.605356840069783,1
24,57779.59471420351,14,19,Large,Marketing,4.5554800407111635,0
74,40629.39915256845,12,26,Small,HR,1.4613711325839835,0
53,61278.53927049047,12,17,Medium,HR,,0
62,64653.48617055599,9,3,Medium,HR,7.063806068056808,0
37,39568.67555165036,11,0,Medium,Sales,5.053153472027135,0
18,49376.44853686213,19,0,Small,HR,7.740668357743587,0
25,80306.02945523168,13,25,Medium,Sales,4.212841865217975,0
63,38901.885853049185,17,19,Large,Marketing,6.712697269936266,0
33,24423.69996134413,18,22,Medium,HR,2.677778243685771,0
31,70743.56651697199,14,9,Small,Marketing,,1
29,67049.0715755684,18,10,Medium,Engineering,5.911263719317232,0
68,43145.49014633863,12,4,Medium,Marketing,2.836579496919405,0
40,48305.1232719787,16,0,Large,Engineering,3.627200561480265,0
32,31625.974247165715,10,16,Medium,Marketing,7.737478377236491,0
45,51334.284089145534,8,21,Large,Sales,5.343411120953686,0
51,67488.705730571,11,33,Large,Marketing,2.94428296353765,0
19,41860.92737362583,16,28,Small,Sales,9.70544071333268,0
49,63156.52968179439,11,3,Large,Sales,7.4361251783519915,0
40,56955.85786085648,9,4,Large,HR,9.614213492858166,0
39,58667.253363217096,17,10,Small,Sales,4.843945408243089,0
68,42735.362291204474,12,20,Large,Engineering,5.275903066225484,0
42,44680.637255997586,10,34,Small,HR,9.081596945665172,0
75,22298.413482928976,19,11,Medium,HR,5.725444062208462,0
79,41499.95881234841,16,25,Small,Marketing,7.365510207151004,0
78,67452.28187046888,11,18,Large,Sales,3.2695558974597696,0
39,36060.017088465895,13,6,Small,Sales,5.020538218323765,0
75,38295.47519214643,9,6,Large,Engineering,2.1110487922931958,0
75,59602.84735560686,13,25,Medium,Marketing,2.853820322892655,0
39,56041.5243798964,10,39,Small,Marketing,1.0084907374086798,0
66,,19,4,Medium,HR,1.3533854648379422,0
69,32551.69189864394,19,20,Large,HR,9.795554408592364,0
59,88460.86923950519,16,13,Large,HR,3.181183256230861,0
23,31763.699387491244,18,3,Medium,Engineering,6.969796385536018,0
32,52313.709706011025,9,22,Small,Engineering,8.551897289196503,1
71,47620.167561971204,19,19,Small,HR,5.955944133129078,0
60,32200.37723952429,19,14,Large,Marketing,2.3783005007556057,0
77,,16,28,Medium,Engineering,7.553047936025497,0
54,50349.61401328805,12,7,Medium,Marketing,6.402262690896247,0
50,40250.40182204795,15,18,Small,Marketing,7.581255304126376,0
25,64058.35432302274,9,38,Small,Sales,7.927719605713785,1
70,47575.613818062935,13,27,Small,HR,9.778693309162707,1
77,29880.8799347257,10,26,Medium,Sales,6.16206952024039,0
61,28608.117009960544,19,3,Small,HR,4.074770014215416,0
61,59092.476359171844,19,14,Small,HR,6.836181012102133,0
22,27698.438259494957,17,34,Large,Marketing,1.6159663831836353,0
56,54746.39109573625,12,36,Small,HR,9.076575864894277,1
21,56669.82778500439,19,0,Small,Marketing,2.074429102043771,0
23,35069.669541139745,15,2,Medium,Marketing,3.950585540972364,0
62,63361.071256623356,17,23,Medium,HR,8.341708425635089,1
49,24233.095643575518,8,26,Large,Marketing,6.375811404976407,0
69,54446.88400997838,12,39,Small,Marketing,4.542719682496979,0
47,49387.130996059874,10,35,Large,Marketing,5.260920934375193,0
64,,11,33,Medium,Engineering,8.690926538819623,1
52,32331.550355291412,9,28,Large,Marketing,4.060039474539029,0
72,35944.66993400111,16,23,Medium,Engineering,8.826847163309541,0
57,74282.03037530897,10,23,Large,Engineering,1.7932098787902233,0
69,68227.3251330763,9,3,Large,Marketing,7.991185934877676,0
33,61131.26882785698,17,2,Small,Marketing,8.627928697492628,0
30,64097.72155294532,18,33,Large,Engineering,2.6363588755360485,0
67,,16,22,Small,Engineering,4.873118791349804,0
77,45149.65681570687,14,22,Small,Marketing,2.4894979719729005,0
59,50714.05327721527,13,4,Small,Marketing,7.35943716094796,0
47,27912.374329384867,8,30,Small,HR,5.818129912554911,0
36,48654.56559788711,12,5,Large,Engineering,6.717910120374889,0
34,67751.21374308779,19,36,Medium,Engineering,2.7683827026059005,0
73,40089.39127614297,18,9,Medium,HR,2.9057127584717755,0
36,65347.118070308396,18,39,Medium,Engineering,1.3734759295891572,0
45,51373.78608040645,10,6,Large,Sales,3.8986078167615674,0
75,29219.422014954016,8,38,Small,Engineering,6.037701952003075,0
72,33390.207299805326,11,37,Medium,HR,8.721414225975959,0
43,63789.54304561632,9,20,Large,Sales,7.002347027128127,1
54,58287.861278875775,9,19,Small,Marketing,4.918566910597763,0
43,51526.46109481438,10,2,Medium,HR,9.57808102954724,0
70,45889.52278628082,15,21,Small,HR,,1
79,53158.51966442878,15,3,Medium,Marketing,9.37148682576295,0
40,63204.443738798735,19,27,Medium,HR,5.748291759449491,0
26,72137.79920730928,14,11,Medium,Engineering,3.3301384731382564,0
29,72855.26299160907,13,37,Small,Marketing,1.4754401772824979,0
70,55579.39851137747,16,35,Large,HR,7.534763663354655,1
18,47421.02464453219,11,4,Small,Marketing,2.0917269820498072,0
75,52193.720117282835,19,12,Medium,Marketing,3.7249761544477047,0
75,57831.8053588262,8,22,Small,Marketing,5.792238170955077,0
18,57771.00415767637,15,29,Large,Sales,6.0797492900177295,0
64,69619.79955710158,14,36,Small,HR,6.4052487728842245,0
51,81736.33582874983,14,24,Large,Sales,2.4962979731473056,0
49,46921.180555788706,10,26,Large,HR,4.417636643394839,0
79,82338.27363236694,11,13,Small,Engineering,6.5547480440527,0
71,67583.5887013759,17,35,Medium,Engineering,9.728369781704062,1
65,48487.65514722188,16,38,Large,Engineering,7.548680239297198,1
42,72478.4725829762,13,15,Small,HR,9.30343381384562,1
57,75284.72452128747,12,21,Large,Marketing,7.859908524827594,1
62,43095.5683370923,10,20,Medium,Marketing,6.325452720031604,0
70,75983.22878728472,16,20,Small,Sales,2.728210322227101,0
18,66126.24231553945,12,7,Small,Sales,,1
33,85528.38691968788,12,15,Small,Engineering,6.610416093639164,0
78,43639.421270007515,11,30,Medium,Sales,6.422222534115398,0
56,44698.59884396006,11,9,Large,HR,5.408072811894167,0
22,19600.0680538499,19,31,Small,HR,5.75790943590348,0
39,58567.90880851944,8,33,Large,Sales,4.0099827440629365,0
46,55628.768834280774,14,8,Large,Sales,5.673814233780728,0
72,41555.094926965,16,16,Medium,Sales,2.7780031511063044,0
20,48772.23902767913,10,10,Small,Sales,8.246569576243392,1
29,30331.68484737327,19,31,Large,Engineering,2.6719925922883703,0
43,67976.67429247529,9,9,Small,Engineering,1.7646966090051976,0
33,42654.50788207535,10,21,Small,Sales,4.926214237214416,0
68,96410.73523431427,8,16,Medium,HR,6.924766955554556,0
54,47365.980489334506,13,3,Small,Engineering,4.939451424401872,0
39,38605.717384275355,18,24,Small,HR,3.4907871875617773,0
74,43815.303218977075,18,20,Large,Marketing,6.023540655013966,0
46,28820.585351836235,14,36,Medium,HR,4.1230210187097995,0
31,57234.07836054413,18,37,Small,Sales,9.395809211139698,1
45,43701.50450331317,18,0,Large,Marketing,9.303806256432148,0
22,66968.79185596606,9,24,Medium,Engineering,5.521346379748859,0
64,45878.787572383735,15,35,Medium,Engineering,3.950955946164327,0
66,70766.6316752847,13,16,Large,Marketing,7.634191725609751,1
47,61361.83623975561,11,23,Large,HR,1.3304164913475998,0
63,50428.95165077516,12,1,Large,Engineering,5.272921054392861,0
79,73703.48881026232,15,39,Large,Sales,4.026910548433002,0
69,64284.40191555814,10,14,Large,Marketing,9.284822965922992,1
22,94193.19239994838,10,31,Small,Sales,,0
29,43858.17132532693,18,38,Small,Marketing,5.975333881465142,0
33,51149.24158187691,11,5,Medium,Engineering,7.6659722295996335,0
43,73530.63516516394,8,0,Small,HR,5.365161887716371,0
43,26846.932822473314,16,22,Small,Marketing,1.7686272714644948,0
65,69754.15344848843,15,38,Small,Marketing,9.75215251025112,1
38,56589.54136522206,15,16,Large,Sales,5.662093882384881,0
56,36676.83866829128,17,33,Medium,Engineering,6.527676198871102,0
53,29554.405121733176,13,28,Medium,Sales,3.129488044367566,0
50,39912.65790304574,14,8,Medium,Engineering,5.351482765961235,0
79,15727.70641511642,13,12,Medium,Sales,4.862345427624897,0
47,,16,5,Small,Marketing,1.6740625780178537,0
54,59338.345000138725,10,5,Small,Sales,1.9554431819272051,0
40,42855.49038546758,10,19,Large,HR,8.53725267656897,0
75,70824.69052150712,10,2,Medium,Engineering,3.1583795698593122,0
27,74899.21404087932,17,16,Small,Engineering,2.7546244434876748,0
71,69134.66723938662,10,11,Small,Marketing,5.544203061251253,0
22,53459.613653965476,16,0,Large,Engineering,7.918724182262617,0
53,15129.810912702964,19,16,Large,HR,1.5575186672108914,0
51,39444.53761951091,11,2,Large,Sales,6.1912712767443026,0
69,47869.422098384195,14,25,Small,Marketing,2.0728939855651602,0
48,36591.98525742784,16,14,Small,HR,1.3281494574305661,0
27,47907.417867701435,18,35,Large,Engineering,1.4746955694599566,0
75,74151.0120304007,19,31,Medium,Engineering,8.507476973875972,1
36,25313.35205727023,14,31,Large,HR,2.061752352652554,0
75,77175.3808417854,16,3,Large,Sales,1.4063622797106277,0
49,63270.89632631206,19,17,Large,Sales,4.94109898428621,0
18,54023.25212416543,10,18,Large,Marketing,8.595941247478223,1
73,,11,34,Small,Engineering,3.361675388403717,0
22,36890.74481762862,15,39,Medium,HR,4.795413557733247,0
62,25606.734281168905,13,13,Large,Sales,1.359302793073761,0
21,75751.48220471581,12,32,Medium,Marketing,5.041706627213883,0
33,73064.17340111062,11,13,Medium,Engineering,6.198517725734203,0
41,28905.730571250766,15,33,Medium,Engineering,6.138163483769303,0
33,41710.58007640698,8,3,Large,Marketing,3.9918402295692865,0
72,56497.17153847863,16,23,Small,Marketing,3.8397986259682195,0
19,45507.36292741688,8,28,Large,Sales,1.959612570429381,0
66,21219.878644522734,15,18,Medium,HR,4.301184885816415,0
45,40133.40859166468,11,5,Medium,Engineering,1.8954520198566818,0
49,79265.51447030029,16,32,Small,HR,7.899363502408464,1
44,41150.32114378334,18,39,Large,Engineering,9.696468679733673,0
37,47547.98994946689,12,18,Medium,Engineering,9.730670110000363,1
41,,10,0,Small,HR,,0
29,58816.44477925622,16,4,Medium,Marketing,6.407129344056572,0
67,,18,26,Small,Sales,7.307791275194919,1
52,38869.70387664532,16,15,Small,Engineering,3.5668522241237266,0
77,30430.169062888624,11,5,Large,Marketing,6.676933781553585,0
50,71068.15061016314,18,39,Medium,Engineering,5.100845944958897,0
50,25916.848900383797,11,12,Large,Sales,5.338156057992393,0
78,57557.23543384332,19,34,Medium,Engineering,7.819989043376421,1
68,17691.811329326403,15,18,Large,Sales,3.537265200375265,0
60,60608.17524518574,9,11,Medium,Sales,3.8623565052506788,0
54,64554.48330890091,16,15,Large,Engineering,9.321776120157729,1
29,66421.75567459871,13,9,Small,Engineering,1.5060186536587503,0
20,47581.87297145198,16,24,Medium,Sales,5.370708685720063,0
18,73760.05408345544,15,19,Medium,Marketing,9.215207203670756,1
50,84616.87542494103,14,30,Small,HR,6.493267070363413,0
57,45175.65295931055,8,3,Large,Sales,5.9176636679091885,0
27,43234.92454805109,19,22,Medium,Engineering,3.247697613064197,0
60,52237.65890517403,10,1,Medium,Engineering,4.089479401580034,0
61,42834.7978115869,18,21,Large,Marketing,8.668435742242236,0
46,40641.947059848186,9,36,Small,HR,6.032963185916123,0
30,41948.92189637735,12,7,Large,Sales,5.6326797438110185,0
29,75736.34012009368,12,6,Large,Sales,1.8962174218602603,0
48,,12,13,Large,HR,1.144253408096108,0
63,42785.80809112863,11,2,Medium,Sales,9.673166698183442,0
19,13173.12461416572,12,15,Small,HR,4.392875505581575,0
78,26833.032595902987,10,18,Small,Engineering,6.428917558895539,0
68,57551.43623902817,19,17,Large,HR,1.7174356586855648,0
67,18176.66087916774,8,15,Medium,Sales,7.148028571507419,0
52,54394.90291177933,12,7,Large,HR,9.393100378353648,1
40,34016.544127024616,16,32,Medium,Marketing,,0
34,51377.0866187101,16,11,Medium,Engineering,2.135037901378695,0
43,50957.84452001215,11,10,Medium,Engineering,6.23549374726129,0
25,51808.84900836067,10,4,Medium,HR,7.897124917941872,0
46,44083.672293822194,8,26,Small,Sales,4.657748829166168,0
43,43590.715615884015,9,11,Medium,Marketing,8.91853973147321,0
27,39188.14371595342,15,16,Medium,Engineering,,0
43,57258.38475862835,8,5,Large,Engineering,9.093240264602823,0
79,62077.89012171422,15,32,Large,Sales,6.611547801226035,0
51,31715.412161958106,14,4,Small,Sales,2.181591748043418,0
68,49225.57291561596,15,27,Large,Marketing,3.787225399946702,0
58,52948.73110231607,19,13,Medium,HR,2.8161545342721124,0
24,52756.56701934563,13,4,Large,Sales,9.179438479451761,0
21,52501.544293947765,19,32,Small,HR,7.843600605587344,1
75,43969.47784482164,16,18,Large,Marketing,,0
70,54185.456381938086,10,21,Large,HR,3.708696876684595,0
67,59270.4306647543,17,4,Small,Engineering,2.656402948451922,0
62,52115.54983733846,11,1,Small,HR,7.808059791900206,0
28,57589.09754800586,13,29,Medium,Marketing,5.267421512911717,0
46,64855.3011655626,15,38,Large,Marketing,3.032105969355662,0
73,22235.89463157098,12,3,Medium,Marketing,6.549597803487476,0
53,64151.95762798051,10,32,Large,HR,1.3630046692460678,0
42,55136.41647831912,13,12,Large,Engineering,3.9355322871542815,0
38,33325.6200839191,11,19,Medium,Sales,5.2170129513202115,0
78,62037.06323479533,16,6,Large,Engineering,2.3316250069846527,0
74,44025.18640964058,10,14,Large,HR,9.861890298317556,0
53,46070.503455221704,11,22,Large,HR,2.8818762813065284,0
27,42384.80326301506,14,13,Small,Sales,2.1731781703893898,0
54,54535.98266357337,14,22,Medium,HR,2.8318138649820677,0
26,38219.7028623192,19,18,Small,Marketing,7.921550198437518,0
41,63522.11944921679,19,28,Medium,Marketing,4.829550933446585,0
52,47917.06119207993,11,19,Medium,Marketing,6.088743457772842,0
66,44536.96274768094,13,28,Large,Marketing,1.1890824128772466,0
52,61293.135164209554,19,23,Medium,Marketing,1.309881777159831,0
65,45206.64856521379,10,17,Small,HR,5.012429948443145,0
53,64222.65238043452,13,9,Small,Sales,8.349897188814612,1
35,64693.89426261299,19,7,Small,Sales,8.967149908368087,1
66,29977.942426715344,9,25,Medium,Marketing,1.780359108360762,0
56,66638.90303334386,15,28,Small,HR,5.845267918909205,0
49,28069.460427471717,9,9,Medium,Engineering,9.219067176513434,0
41,67573.70790323766,18,16,Small,Engineering,4.491754789580977,0
40,80425.35788345359,14,1,Small,HR,8.466092482855318,0
79,63122.51657403697,16,5,Medium,Marketing,2.203260889594926,0
49,17645.290329504904,8,4,Small,Sales,9.418550407010189,0
54,65953.48579079028,15,27,Large,HR,7.762809857781724,1
29,83691.93448904017,14,4,Medium,Engineering,9.472009535082115,0
66,45454.52538502956,13,17,Medium,Engineering,7.089555101972558,1
72,49479.45019955165,13,25,Medium,Engineering,4.270635387994843,0
30,32172.69917110352,13,19,Large,Marketing,9.443630552722501,0
40,54681.19128229504,16,26,Medium,Engineering,3.480100986782606,0
42,69037.65773814694,9,11,Small,HR,3.9895526985555927,0
52,60466.056922241805,8,6,Small,HR,7.307275762015663,1
58,97129.50465931698,19,2,Small,Engineering,7.887846695728476,0
47,50495.40564448696,13,9,Medium,HR,9.364631354642384,1
34,25539.899488771036,17,33,Small,Engineering,2.8432216815058853,0
66,52564.56457352329,18,24,Medium,Engineering,8.181982316973016,1
79,13753.223521812653,15,34,Small,Sales,7.646914480572671,0
37,42003.441127032296,10,15,Large,Marketing,1.574151006282381,0
65,74365.73087900318,19,1,Large,Marketing,4.485008270891862,0
42,54877.00472947657,17,23,Large,Sales,3.5448891135408873,0
39,52691.25219246903,8,9,Large,Sales,3.7404138191862737,0
30,77311.70565073035,16,37,Medium,Marketing,9.846521915992307,1
76,45941.00162504945,8,21,Small,Engineering,6.784996721319351,0
36,68927.30619401163,10,25,Large,Engineering,7.459085420141497,1
66,51939.60462749511,15,38,Medium,Marketing,9.789558735835083,1
53,55700.711951885394,10,26,Large,Engineering,4.394816042118748,0
29,,11,28,Large,Sales,8.216561516075254,0
78,42769.29807757675,15,37,Medium,Engineering,4.910778669740458,0
58,29037.226507341897,8,19,Medium,Engineering,8.825803046334817,0
36,48571.323826619824,13,26,Small,HR,2.625917871801729,0
29,55856.035158744,8,19,Small,HR,9.529175593578517,1
26,33349.42842362822,8,18,Large,HR,2.968945375697917,0
24,80737.68384027235,15,19,Large,Engineering,3.935984562828384,0
45,54171.59028637941,18,34,Small,Marketing,7.8057301069610245,1
31,50866.93378377829,11,1,Small,Sales,4.543796274088661,0
48,61544.86627018438,19,29,Medium,Engineering,6.4739023908980196,0
69,37566.07878701117,8,33,Small,Marketing,5.001161509624857,0
36,52452.1621875118,17,21,Small,Engineering,7.6813294338080365,1
75,39247.00669463613,14,2,Large,Sales,3.0549812713174975,0
64,73380.19865133474,12,5,Small,Engineering,1.526121885131893,0
33,34120.40975904378,12,14,Large,Sales,3.699364577257596,0
70,50947.4818896076,8,26,Small,Engineering,5.268777983815872,0
22,54939.73677727663,17,9,Medium,Sales,2.512180469734107,0
52,55922.38616611552,18,8,Small,Engineering,4.193175606907499,0
29,41281.472403757514,13,32,Small,Sales,4.599847164642116,0
42,36567.35896782354,16,31,Small,HR,1.5165265931944618,0
69,41498.072404308514,16,5,Large,Engineering,,0
76,57924.881513154236,15,35,Medium,Engineering,8.959090851741587,1
38,47842.313436320546,12,1,Small,Marketing,2.3656862165774717,0
53,61943.13212678782,8,28,Large,Marketing,6.380272120613626,0
70,57155.0557909261,16,3,Medium,Sales,6.982652844197617,0
40,15846.309528505892,8,0,Large,Engineering,4.774012123773595,0
33,,15,18,Large,Sales,7.30987828627843,1
74,83756.82151724405,12,25,Medium,HR,4.696583891419109,0
56,69879.03576557497,10,24,Small,Marketing,5.541735591796914,0
62,56330.19741060453,18,9,Large,Sales,1.0661774009898428,0
70,34109.118042950846,14,14,Large,Sales,7.225481027212199,0
59,57163.30574188469,14,21,Small,Marketing,6.95208411050252,0
75,61096.24909817389,16,20,Small,Engineering,1.3456078959371012,0
56,46193.79978758624,14,21,Medium,Sales,4.314250966556198,0
31,54751.130882066565,18,35,Medium,Marketing,9.811286567125006,1
48,72644.9368759406,10,33,Medium,Engineering,4.786629063117552,0
75,37140.88370387411,18,29,Small,HR,5.517508646186576,0
22,34125.5059256131,8,24,Large,Marketing,9.189371423437468,0
52,60390.48988991319,15,27,Large,Sales,7.455356882791808,1
40,56863.13954297121,19,0,Medium,HR,6.238631180118012,0
46,65432.57443119217,10,3,Small,Engineering,8.180242132069653,0
60,58546.90717855655,19,6,Large,Engineering,8.77929639810376,1
28,41483.67405238709,15,8,Medium,Marketing,5.111992645635402,0
35,56482.88977198107,15,35,Large,Marketing,5.275975284386519,0
64,32868.101850557396,12,18,Large,Marketing,4.474458420866522,0
29,46245.21932400509,19,0,Small,Engineering,9.700355260166145,0
26,57541.98846449606,8,9,Small,HR,7.274496288613154,1
27,44592.286749141655,17,35,Large,Engineering,1.7490075958726505,0
75,87020.7827334474,14,8,Medium,Sales,8.766636609817166,1
61,21617.236267644996,19,31,Small,Engineering,5.3250394675264126,0
34,41787.64464501784,17,31,Large,Sales,1.618785157802387,0
78,,12,5,Small,HR,5.9474552964697995,0
55,39494.7678881307,15,37,Small,Marketing,4.754478510781318,0
24,40355.02664778682,16,16,Small,Marketing,8.899744643763624,0
63,30103.689697115104,18,9,Large,Engineering,2.835951432484486,0
30,61290.53222858941,14,26,Medium,Marketing,8.438181485429647,1
57,41793.57053919348,14,34,Medium,HR,6.019198220669074,0
59,52453.60003382982,8,20,Medium,Marketing,1.4914927289212214,0
26,43477.61357134633,11,24,Small,Engineering,9.74660771192936,0
67,39636.79381570686,9,27,Large,HR,5.6135371969287995,0
44,75084.18854130275,9,14,Small,Sales,3.617891688084242,0
75,63843.98273314112,9,3,Medium,Engineering,5.224661577903323,0
19,21976.99400067283,11,28,Medium,Sales,8.7207200516574,0
22,20387.938274961696,8,8,Large,HR,3.7441281194655716,0
46,65639.1325345473,11,26,Small,Engineering,2.734087568380303,0
54,42202.19912676869,9,25,Medium,Engineering,2.1616412223779333,0
55,25263.76499098666,12,18,Large,HR,3.6807345855119014,0
36,65686.02698810512,10,27,Small,Marketing,8.020432783360391,1
25,52536.860751486354,19,16,Small,Engineering,5.244637286757355,0
65,53773.56627248479,15,19,Medium,Engineering,3.04733443324186,0
62,62143.08908008861,11,39,Medium,Sales,2.4956649964877426,0
18,,8,38,Small,Marketing,3.994565288593412,0
39,25527.487679237536,8,22,Small,Sales,9.45931935597138,0
69,73714.31442354803,19,31,Medium,Sales,4.087240413310219,0
34,28442.498588865612,17,32,Small,Marketing,9.893116683591717,0
24,31666.43304386654,10,4,Medium,Marketing,5.367074101888205,0
42,34663.46930681351,16,33,Small,HR,2.612475264611358,0
62,81199.18885535783,14,39,Medium,Marketing,9.020260826141584,1
21,57400.74950617284,9,10,Large,Engineering,5.143198358213442,0
53,64481.119616530705,16,2,Medium,Marketing,7.38704209154072,0
23,52942.51318368093,17,32,Medium,HR,9.853404248882367,1
77,40971.691831981494,9,10,Large,HR,1.451578152879766,0
48,59469.36924890252,10,15,Small,HR,1.8702510380881043,0
36,26650.76043804795,18,17,Large,Marketing,7.484110673164806,0
78,33570.74821855258,17,29,Medium,Marketing,3.536425029659248,0
61,60994.62768892221,9,9,Small,Sales,2.6587125725508916,0
71,29641.1715375983,10,17,Large,Sales,,0
56,47163.7779625719,13,37,Small,Engineering,1.1966204078758162,0
44,47847.314834668825,16,18,Small,Sales,7.970370428078118,1
27,42070.06994994257,16,35,Large,Engineering,2.20990084632595,0
43,20733.222877267144,14,12,Small,HR,5.209485543740358,0
36,40566.06663216961,19,2,Large,Sales,6.453071336615347,0
56,37625.47434601272,10,9,Medium,Marketing,4.855166205119616,0
79,52421.59794931548,11,37,Small,Sales,1.243959871026098,0
20,51657.35808049203,13,0,Medium,Engineering,8.05151352329118,0
62,55669.42189905311,18,26,Medium,Sales,1.0946190208748814,0
30,39860.205905384035,12,7,Small,HR,7.857009049397356,0
67,57841.669256988374,9,16,Large,Marketing,9.039740444093104,1
45,26659.899008394754,13,8,Small,Engineering,4.8955592895145505,0
79,22671.429010214688,10,5,Medium,Marketing,5.8198822578801845,0
75,14966.409137500581,15,24,Medium,Marketing,5.292850533558884,0
37,42510.54140642004,9,38,Large,Engineering,4.502877567610949,0
45,38700.52663492164,8,27,Small,Marketing,8.986820818333243,0
25,61839.734177819,16,32,Medium,Marketing,9.045401596029915,1
78,40270.06119426695,19,36,Medium,Sales,4.02234728177381,0
58,54100.64521916401,10,8,Medium,Marketing,6.535627786132282,0
56,62199.448648746155,18,17,Large,Marketing,9.342168059312778,1
18,39705.213865263264,8,20,Medium,Marketing,9.658526490472164,0
20,54470.78315160763,14,1,Medium,Marketing,5.580631363798428,0
30,65028.91323432792,17,37,Small,Engineering,5.075423247558941,0
45,31427.55837791649,12,39,Small,HR,3.508248843356732,0
79,,12,35,Medium,Sales,9.629846858713691,1
74,39769.48425201028,8,36,Medium,Marketing,2.2853287402558062,0
77,32382.651762602924,16,14,Small,Marketing,6.218466184429525,0
66,26953.223892646565,14,27,Large,Engineering,3.54295240766775,0
42,32140.27141731949,15,17,Large,HR,3.5110746131301696,0
73,50900.43508628019,16,33,Large,Marketing,4.6447172863856965,0
50,25837.3331665738,13,21,Large,Engineering,9.989136422340891,0
55,41739.094638670445,19,10,Large,Sales,1.4946967615583986,0
70,62197.91610279346,12,12,Large,Sales,6.206876363831783,0
23,56735.164451284036,13,3,Large,Marketing,1.7431494223174946,0
75,42042.38565592765,18,21,Large,Marketing,2.3906874699146705,0
61,75345.35620038086,9,6,Small,HR,,0
62,78395.54620867492,11,23,Large,HR,5.594141182117972,0
49,50391.836473095886,10,3,Large,Marketing,3.329131675280716,0
62,12971.856261735371,14,27,Large,Engineering,3.8481141778697454,0
78,63296.722955243895,16,14,Medium,HR,1.7827031823033974,0
64,15590.354899496217,12,0,Small,Marketing,3.7289780545982545,0
38,72142.19166080099,13,2,Small,HR,9.699025954424897,0
33,66253.77351113448,17,13,Small,Marketing,9.502366435052336,1
71,76613.1875620703,19,37,Large,Sales,4.013904611232865,0
38,53903.9833755159,19,0,Large,Marketing,6.137685426508854,0
28,44579.21349227243,9,37,Medium,Sales,9.1863585199985,0
77,43248.48299464664,10,37,Small,HR,1.0556544037680702,0
54,41806.09743453655,10,20,Large,Marketing,8.296152133038326,0
53,64716.02980512054,19,28,Small,HR,9.535325975100271,1
52,60684.07234258817,19,4,Medium,Sales,1.8219316090020135,0
36,51803.384501513196,16,9,Medium,Marketing,2.4530291742962893,0
37,39167.280381095414,14,27,Medium,HR,9.646716724942198,0
74,89438.1894695041,15,20,Small,Sales,5.837861292763117,0
35,63685.61920944305,18,6,Large,HR,1.1277697102455133,0
64,26034.321203398868,17,2,Large,Engineering,3.3186879888717624,0
58,42256.1597609431,18,19,Medium,Sales,5.0494930684197366,0
66,63976.64146113058,16,18,Large,Sales,7.236180199222909,1
31,38006.91618150974,13,34,Medium,Sales,7.5984434032311965,0
32,55273.219382388335,11,3,Small,Marketing,9.958793616329105,0
48,64261.94450504222,19,4,Medium,Marketing,3.5876007944538313,0
18,-826.4212398458959,8,0,Small,Marketing,5.843980916816277,0
70,48379.43450316125,15,3,Medium,Engineering,5.799911930736445,0
71,48968.137303476826,14,11,Large,Engineering,4.650807335025138,0
71,43818.91316474316,9,26,Large,Sales,2.522457044581782,0
20,54525.42702419061,15,22,Medium,Engineering,9.797109068654583,1
33,59862.79411243812,19,24,Large,HR,8.679854679999275,1
40,52130.764164869135,12,20,Large,Sales,5.4849972546481345,0
74,44392.589089258516,14,23,Large,Sales,6.429208804156268,0
28,59489.319496764045,11,24,Small,HR,3.045349482036961,0
29,50735.801139115356,12,31,Large,Sales,5.894083633525722,0
27,46539.493802067824,15,31,Small,Engineering,7.254731198093283,1
49,30315.809219916213,8,4,Medium,Marketing,5.636503255479299,0
33,26560.178221008824,8,35,Large,HR,9.912566535264471,0
25,30031.553109288943,11,38,Large,Engineering,6.502074906229535,0
55,54174.93591830322,10,15,Large,HR,4.338763413329522,0
29,48813.818785904725,17,32,Medium,HR,7.949368248542543,1
41,27795.738526888053,19,20,Small,Sales,2.5341626042347785,0
45,59688.767386907166,9,8,Small,Sales,4.4606423233563985,0
70,70614.64269768643,19,5,Large,Engineering,4.122630553398272,0
25,41022.595749254964,10,34,Medium,HR,4.886263855969995,0
75,23885.27213947439,18,38,Medium,Sales,8.036018433358537,0
45,39363.10422647131,18,21,Medium,Sales,5.357557289470667,0
53,62816.90940192041,18,4,Medium,HR,8.146130052393664,0
43,58227.94787802161,8,22,Medium,Engineering,6.1884001282587935,0
25,36163.50970982782,8,16,Small,Engineering,4.0786249119179985,0
75,72817.58206647112,13,11,Small,HR,,1
77,70224.20098889599,12,22,Small,Engineering,3.1446070349778243,0
67,39004.90905085039,15,15,Large,Sales,3.0194468181981593,0
45,38850.6499555255,9,2,Medium,HR,5.540526316493522,0
45,41107.580939307656,11,29,Large,Sales,3.3476432136588,0
54,42390.00836917181,15,21,Medium,Marketing,1.0817833145609468,0
58,64258.070118926655,19,8,Small,Marketing,6.834677745689214,0
53,56379.93590714891,13,28,Large,Engineering,5.5998443932515825,0
44,,8,36,Small,Marketing,5.009660330438451,0
71,60103.4771478005,11,22,Medium,Sales,9.702716631564838,1
34,75717.90602290598,8,12,Medium,Marketing,6.140792655666223,0
26,34109.216842862894,9,31,Medium,Sales,8.77088420010446,0
50,55705.37795575874,12,22,Small,Engineering,2.2550521258464418,0
70,17392.681156479543,15,16,Medium,Engineering,6.122858168164849,0
37,30245.666388547124,15,39,Small,Sales,8.811816640578126,0
30,48877.19921097729,18,20,Large,Marketing,,0
45,56273.09919131804,10,1,Medium,Engineering,7.4621276031430135,0
65,48472.76386955646,18,36,Medium,HR,4.348392110309867,0
46,41492.11371780983,11,5,Medium,Engineering,1.8320456533335996,0
30,44158.731837604435,17,17,Large,Marketing,5.121102656143643,0
63,70541.61464636156,18,29,Medium,HR,4.550314517549718,0
52,44239.51733179789,13,21,Small,Marketing,8.803541641410526,0
78,76238.62433065292,18,32,Small,Sales,3.1959577211722503,0
23,61910.256103117004,18,29,Medium,HR,9.700608047815972,1
35,56863.06019222346,17,16,Medium,Marketing,9.623243078240465,1
68,32096.04634518507,10,31,Large,HR,3.2286847876429485,0
22,64028.5724209944,9,13,Large,Marketing,4.132467599295884,0
64,42593.44133377251,13,9,Large,HR,9.060001667864965,0
42,32083.403629914505,18,35,Medium,Marketing,9.699599988064968,0
19,57692.65419619066,12,33,Large,Sales,4.990951925524397,0
27,29180.809091501906,17,8,Large,HR,3.8889734107680805,0
73,38566.37806805626,12,27,Small,HR,5.734846119263878,0
47,49848.26132796633,17,10,Large,HR,7.189922857291613,1
67,83276.32136172091,12,13,Small,HR,3.461270638374818,0
76,39696.26366311269,17,38,Small,Sales,7.6282585715716555,0
62,,19,18,Large,HR,1.4649162140317693,0
22,60985.17581632468,12,14,Small,Engineering,1.443650434879748,0
72,31425.564674359313,10,27,Medium,Sales,,0
73,56642.095715313735,14,23,Medium,Engineering,4.181258728546485,0
50,68088.90211424882,13,7,Large,HR,3.8406989383043704,0
71,45393.57672933348,11,8,Medium,Marketing,5.41917786402019,0
18,65392.31422095298,9,32,Small,Engineering,3.886602240804141,0
35,54371.74884817709,19,32,Medium,HR,2.7303212662128273,0
49,39039.77054294329,16,18,Large,Engineering,3.785225941797408,0
64,,8,2,Large,HR,9.774138455292114,0
66,44303.639900296366,18,9,Small,HR,4.7000207529536375,0
